Year,"Blacktip Shark|Blacktip shark","Dusky Shark|Dusky shark","Sandbar Shark|Sandbar shark","Large Coastal Sharks|Large coastal sharks","Large Oceanic Sharks|Large oceanic sharks","Atlantic Sharpnose Shark|Atlantic sharpnose shark","Small Coastal Sharks|Small coastal sharks","Yellowfin Tuna|Yellowfin tuna","Bluefin Tuna|Bluefin tuna","Other Tunas|Other tunas",Billfish|Billfish,Swordfish|Swordfish,"Pelagic Coastal Piscivores|Pelagic coastal piscivores",Amberjack|Amberjack,Cobia|Cobia,"King Mackerel (1+)|King mackerel (1+yr)","Spanish Mackerel (0-1)|Spanish mackerel (0-1yr)","Spanish Mackerel (1+)|Spanish mackerel (1+yr)",Skates-rays|Skates-rays,"Gag grouper (0-3yr)|Gag grouper (0-3yr)","Gag grouper (3+yr)|Gag grouper (3+yr)","Red grouper (3+yr)|Red grouper (3+yr)","Yellowedge grouper (0-3yr)|Yellowedge grouper (0-3yr)","Yellowedge grouper (3+yr)|Yellowedge grouper (3+yr)","Goliath grouper|Goliath grouper","Deep-water grouper|Deep-water grouper","Shallow-water grouper|Shallow-water grouper","Red snapper (0yr)|Red snapper (0yr)","Red snapper (1-2yr)|Red snapper (1-2yr)","Red snapper (3+yr)|Red snapper (3+yr)","Vermilion snapper|Vermilion snapper","Mutton snapper|Mutton snapper","Other snapper|Other snapper","Inshore coastal piscivores|Inshore coastal piscivores","Sea trout|Sea trout","Oceanic piscivores|Oceanic piscivores","Benthic piscivores|Benthic piscivores","Reef piscivores|Reef piscivores","Reef invertebrate feeders|Reef invertebrate feeders","Demersal coastal invertebrate feeders|Demersal coastal invertebrate feeders","Red drum|Red drum","Benthic coastal invertebrate feeders|Benthic coastal invertebrate feeders",Tilefish|Tilefish,"Gray triggerfish|Gray triggerfish","Coastal omnivores|Coastal omnivores","Reef omnivores|Reef omnivores","Surface pelagics|Surface pelagics",Sardine-herring-scad|Sardine-herring-scad,"Menhaden (0yr)|Menhaden (0yr)","Menhaden (1yr)|Menhaden (1yr)","Menhaden (2yr)|Menhaden (2yr)","Menhaden (3yr)|Menhaden (3yr)","Menhaden (4yr)|Menhaden (4yr)",Anchovy-silverside-killifish|Anchovy-silverside-killifish,Mullet|Mullet,Butterfish|Butterfish,Cephalopod|Cephalopod,"Pink shrimp|Pink shrimp","Brown shrimp|Brown shrimp","White shrimp|White shrimp",Crab|Crab,"Sessile epifauna|Sessile epifauna","Mobile epifauna|Mobile epifauna"
1,4.222913E-05,0.0001246394,5.697418E-05,0.0005225764,1.465405E-06,0.0003670053,5.775808E-05,0.004573158,5.612045E-06,0.004222504,0.0006590548,0.006415016,0.006422378,0.003996598,0.001339508,0.00380334,8.002867E-07,3.219032E-05,7.825426E-05,3.470124E-05,0.001667786,0.004137568,1.429759E-09,0.000806591,0.0001025096,0.001487488,0.001578699,3.175998E-08,0.002898798,0.01037592,0.001224694,0.001944084,0.0007112432,0.008497076,0.05646399,0.001618668,0.001061681,0.001169037,0.0003182309,0.01195563,0.005535625,0.005673815,1.123515E-05,0.0006529376,0.05109876,1.792425E-05,0.0003000336,0.0001910107,0.001930071,0.4895846,0.4922563,0.06992448,0.01739801,5.566882E-08,0.004132899,0.0002069659,0.001018935,0.2320229,0.08739784,0.1287826,0.1097468,0.01459401,0.01888921
2,4.154307E-05,0.0001447173,0.0002636172,0.0005262365,2.29064E-06,0.0004536283,5.675237E-05,0.00455777,5.894347E-06,0.005792434,0.0006327128,0.006801534,0.00578141,0.002474529,0.001204347,0.003335027,6.536159E-07,3.203472E-05,8.514907E-05,3.554504E-05,0.001496188,0.004210968,1.438513E-09,0.002060376,0.0002189487,0.001525664,0.001638865,3.344296E-08,0.002789436,0.01041925,0.001335327,0.001865588,0.0006235934,0.007453957,0.06118673,0.001585077,0.0009943772,0.001226067,0.0002231851,0.01363535,0.005297417,0.005852647,7.630741E-05,0.001193973,0.06714423,1.728045E-05,0.0002733491,0.000187979,0.001790482,0.3917902,0.3370614,0.08839945,0.01309102,5.8969E-08,0.004012077,0.00020556,0.00100549,0.2357392,0.08829746,0.1224866,0.1087847,0.0145115,0.01772502
3,3.905117E-05,0.0001646276,0.0002103957,0.0005298008,2.571941E-06,0.0004269418,5.605053E-05,0.004402647,6.114099E-06,0.007549488,0.0006260413,0.007099096,0.005290062,0.005355356,0.001881729,0.00390154,5.903167E-07,3.56651E-05,9.085049E-05,3.607994E-05,0.001738332,0.004263315,1.516534E-09,0.002689265,8.796054E-05,0.001548403,0.001693803,3.397946E-08,0.002519605,0.008532094,0.002111417,0.001904691,0.0005638725,0.006449867,0.06497236,0.001515749,0.0009312843,0.001275406,0.0001844651,0.01549274,0.005057628,0.005830498,7.509965E-05,0.001089013,0.08374677,1.687102E-05,0.0002464706,0.0001893224,0.00147178,0.4451851,0.4131771,0.09416634,0.02500819,6.369978E-08,0.0039673,0.0002077445,0.001004217,0.2382701,0.08749218,0.1316068,0.1028007,0.01427978,0.01736022
4,2.264875E-05,0.0001977977,0.0003560899,0.0005333771,2.849348E-06,0.0004103367,5.568684E-05,0.004274745,6.287805E-06,0.009386246,0.0006349267,0.007301688,0.004887364,0.003027107,0.001561758,0.00380071,6.462391E-07,2.791061E-05,9.582462E-05,3.613332E-05,0.001675114,0.004360042,1.543523E-09,0.001838945,4.623668E-05,0.001563025,0.00174642,3.36982E-08,0.002770494,0.01200804,0.00151101,0.002126342,0.0005230185,0.005530445,0.06603176,0.001430439,0.0008752879,0.001330558,0.000171674,0.01756917,0.004810102,0.005704768,5.214162E-05,0.0007285313,0.1001745,1.672748E-05,0.000223598,0.0001938752,0.00140749,0.4788884,0.4871238,0.1100398,0.03034615,6.908551E-08,0.003987423,0.0002136664,0.001012832,0.2377021,0.08796158,0.1399677,0.09866828,0.01396864,0.01772263
5,2.805806E-05,0.0002434453,0.000224409,0.000537165,2.974268E-06,0.0004154306,5.555246E-05,0.004214603,6.427028E-06,0.01119599,0.0006550064,0.007402476,0.004542006,0.002586606,0.001689009,0.004030704,7.255166E-07,2.497769E-05,0.0001001904,3.570639E-05,0.001007054,0.004163173,1.471103E-09,0.001442427,8.997303E-05,0.001573173,0.001798193,3.164033E-08,0.00143912,0.01055852,0.00311198,0.002112092,0.0004946343,0.00472929,0.06491198,0.001352735,0.0008234211,0.001390596,0.0001715455,0.01980401,0.004566473,0.005527039,6.463439E-05,0.0003756351,0.1152358,1.673401E-05,0.0002050778,0.0001997883,0.001710809,0.6438755,0.5142316,0.1146608,0.03354768,7.414269E-08,0.004029073,0.0002201402,0.001024773,0.2375327,0.09138734,0.0975498,0.1074435,0.01361721,0.01859334
6,3.473069E-05,0.0002937827,0.0001823749,0.00054124,6.416927E-06,0.000465316,5.547816E-05,0.004208207,6.538948E-06,0.01288667,0.0006820097,0.007402567,0.004263117,0.00352347,0.001804163,0.003300342,7.491316E-07,2.012976E-05,0.0001039266,3.51357E-05,0.001580154,0.004007483,1.510101E-09,0.001124289,0.0001284635,0.001580116,0.001846433,3.121503E-08,0.000658304,0.01122374,0.003369353,0.0007319465,0.0004743236,0.004021121,0.06248753,0.001286628,0.0007752618,0.001446671,0.0001755216,0.02212473,0.004329432,0.005312117,5.969494E-05,0.0003473748,0.1273188,1.664828E-05,0.0001897971,0.0002049604,0.002156466,0.5214942,0.4134344,0.07014224,0.02251302,7.878259E-08,0.004030124,0.0002227526,0.001039023,0.2378231,0.08477056,0.1660434,0.08819383,0.01323948,0.0197931
7,6.350875E-05,0.0003668725,0.0002489212,0.0005455714,8.782356E-06,0.0005290209,5.56185E-05,0.004237259,6.62996E-06,0.01438698,0.0007121734,0.007317059,0.004048346,0.004723353,0.002069059,0.003791124,7.340059E-07,4.716493E-05,0.0001072752,3.537794E-05,0.001406141,0.004282063,1.592243E-09,0.0008391889,5.880276E-05,0.00158553,0.001890622,3.151814E-08,0.0005529523,0.01083482,0.003726512,0.001720687,0.0004603095,0.003405407,0.05986885,0.001225056,0.0007335285,0.001484737,0.0001816118,0.02450317,0.00411111,0.005083016,7.287864E-05,0.0006652339,0.1356448,1.654054E-05,0.0001768558,0.0002092116,0.002045389,0.5407248,0.4019121,0.06446091,0.01661559,8.349014E-08,0.004010587,0.0002258711,0.001056021,0.2309477,0.0885059,0.1524726,0.08815792,0.01288994,0.02112255
8,3.758275E-05,0.0004397691,0.0001743175,0.0005499418,9.017582E-06,0.0006690447,5.583048E-05,0.004285919,6.707582E-06,0.0156547,0.0007424014,0.007173233,0.003859763,0.004756974,0.001622783,0.003197007,7.721692E-07,2.787485E-05,0.0001105367,3.56343E-05,0.001116286,0.003495772,1.630108E-09,0.0007638332,6.617908E-05,0.001590626,0.001929909,3.100355E-08,0.0004467182,0.01023191,0.003665323,0.00242205,0.0004502738,0.002884159,0.05753655,0.001152733,0.0007002284,0.001503206,0.0001907182,0.0269767,0.003920194,0.004871403,0.0001165377,0.0003863177,0.1408475,1.654206E-05,0.0001665623,0.0002137091,0.00208536,0.6665043,0.4984573,0.08490285,0.01816681,8.864766E-08,0.004027471,0.0002336154,0.001074011,0.2359873,0.09450132,0.1029487,0.1312276,0.01262598,0.02263412
9,5.580463E-05,0.0005160845,0.000262366,0.0005541354,8.099753E-06,0.0004639364,5.555089E-05,0.004340413,6.777231E-06,0.01668447,0.0007705295,0.00700243,0.003668556,0.0031999,0.001950582,0.00412831,8.356242E-07,2.719277E-05,0.0001137204,3.53992E-05,0.001248712,0.003596331,1.641165E-09,0.001064199,4.105643E-05,0.001595787,0.001961116,2.953937E-08,0.000938363,0.01171115,0.004050202,0.001933711,0.0004417828,0.002449618,0.05507703,0.001097871,0.0006736685,0.001506174,0.0002009621,0.02953119,0.003760736,0.004687425,0.0001920238,0.0009669754,0.1439351,1.66143E-05,0.0001593091,0.0002187866,0.001859158,0.626187,0.4213427,0.1015074,0.01920618,9.356594E-08,0.004087825,0.0002424485,0.001089583,0.2114662,0.09348602,0.08005629,0.1243275,0.01243318,0.02433822
10,5.001272E-05,0.0005700417,0.0002264024,0.0005582912,5.971383E-06,0.0005916045,5.514943E-05,0.004395525,6.845127E-06,0.01750288,0.0007954852,0.006833174,0.003512416,0.003503815,0.001939853,0.005097647,8.362797E-07,2.781946E-05,0.0001169572,3.602262E-05,0.001222851,0.005090771,1.572723E-09,0.000530482,2.931092E-05,0.001601019,0.00199051,2.815084E-08,0.0006276692,0.01020006,0.003035392,0.001811418,0.0004359564,0.002098225,0.05228798,0.001054777,0.0006517076,0.001505907,0.0002108971,0.03219791,0.003647005,0.004544001,0.0001044086,0.0009750688,0.1457489,1.66795E-05,0.0001550581,0.0002233355,0.001692616,0.6693006,0.4893815,0.09769998,0.02747228,9.694147E-08,0.004144245,0.000247364,0.001102376,0.2289978,0.09966141,0.0843017,0.08145392,0.01224503,0.0261713
11,5.071028E-05,0.0005991843,0.0002617211,0.0005626537,7.302948E-06,0.0005569693,5.520082E-05,0.004450997,6.915443E-06,0.01815317,0.0008170609,0.006686614,0.003410433,0.001334591,0.001191773,0.004191945,8.19735E-07,2.504787E-05,0.0001204506,3.686228E-05,0.001280288,0.00291632,1.496059E-09,0.0006277205,7.706033E-06,0.001606017,0.002026355,2.826772E-08,0.0003895187,0.008071735,0.004101541,0.001422501,0.0004352159,0.001812788,0.0489008,0.001019609,0.0006344099,0.001511856,0.0002204074,0.03494839,0.003564767,0.004439223,9.691397E-05,0.001272948,0.1463834,1.662291E-05,0.0001529029,0.0002258777,0.001824254,0.5660661,0.4527655,0.08805578,0.0234101,9.83805E-08,0.00415771,0.0002469976,0.001112803,0.2169077,0.09381028,0.09674125,0.07811847,0.01203801,0.02777995
12,5.470284E-05,0.0006185392,0.0002264111,0.0005671705,7.555163E-06,0.0005966416,5.548473E-05,0.004503107,6.988856E-06,0.01866611,0.0008352999,0.006573979,0.003344435,0.003091977,0.00132307,0.006079107,8.020191E-07,2.695287E-05,0.0001234953,3.735368E-05,0.001365245,0.003539857,1.466901E-09,0.0005696943,2.767647E-05,0.001609759,0.002065325,2.950175E-08,0.0006438749,0.008326591,0.003904105,0.002015548,0.0004365933,0.001578339,0.04567485,0.0009936708,0.0006178482,0.00151797,0.0002285292,0.03764559,0.003509236,0.00434981,6.736889E-05,0.0009684581,0.14548,1.650291E-05,0.0001513171,0.0002269198,0.001985859,0.648482,0.4684696,0.08932777,0.02351668,9.906176E-08,0.004148679,0.0002449417,0.001121074,0.2099469,0.08790144,0.1094265,0.09757046,0.01185755,0.02886072
13,4.172814E-05,0.0006298122,0.0002199806,0.0005715488,1.071715E-05,0.0004470729,5.560126E-05,0.004549061,7.065566E-06,0.01905871,0.0008502433,0.006498521,0.003273187,0.002270511,0.001662829,0.006682649,7.94254E-07,2.857956E-05,0.0001262423,3.765279E-05,0.001205741,0.003499147,1.457749E-09,0.0007629279,1.868935E-05,0.001612916,0.002101838,2.968238E-08,0.0005514803,0.01108225,0.004539874,0.002486641,0.0004395925,0.001379845,0.04261418,0.0009695331,0.0006036954,0.001516881,0.000236487,0.04024928,0.003463866,0.004263166,7.398337E-05,0.0009173159,0.1433422,1.657415E-05,0.0001497829,0.0002282016,0.002058801,0.7425609,0.4926665,0.0858269,0.02288654,1.003001E-07,0.004167218,0.0002455926,0.001128879,0.1894389,0.08765388,0.1120813,0.1078534,0.01175234,0.02951567
14,3.90278E-05,0.0006522228,0.0001918532,0.0005750813,1.42061E-05,0.0004096979,5.542138E-05,0.004593323,7.148277E-06,0.01936103,0.000861749,0.006465225,0.003307606,0.002413602,0.001722925,0.006290181,9.461706E-07,2.55925E-05,0.0001286199,3.92149E-05,0.001496976,0.003813863,1.410095E-09,0.000569013,3.901885E-05,0.001615601,0.002118895,2.900778E-08,0.0009057412,0.01195907,0.004216112,0.001898662,0.0004391358,0.001230099,0.03993851,0.0009409869,0.0005922876,0.001501141,0.0002475166,0.04422118,0.003458423,0.00429685,0.0001010234,0.000951617,0.1395712,1.675737E-05,0.0001489701,0.0002342457,0.00207248,0.754411,0.5175478,0.09043143,0.02123086,1.154963E-07,0.004567724,0.0002173204,0.001130152,0.2284563,0.09221027,0.1057739,0.09791244,0.01194773,0.02905965
15,3.602344E-05,0.0006910318,0.0002359368,0.0005787954,1.407703E-05,0.0004987415,5.543107E-05,0.004636612,7.303997E-06,0.01960253,0.0008744876,0.006460794,0.003350888,0.002138705,0.001534737,0.007533826,7.770207E-07,2.787738E-05,0.0001310633,3.746032E-05,0.001248082,0.003378643,1.371239E-09,0.0007695348,5.143485E-05,0.001615863,0.002147625,2.712921E-08,0.0003369093,0.01032166,0.004040434,0.001409921,0.0004301567,0.00106447,0.03762633,0.0009679962,0.0005941198,0.001476799,0.0002511764,0.04621781,0.003411377,0.00410436,0.0001325434,0.0009470047,0.1386857,1.698494E-05,0.0001421215,0.0002577015,0.002020358,0.839098,0.5023026,0.09741307,0.02208274,9.210192E-08,0.004001077,0.0002315443,0.001132206,0.2029503,0.08917826,0.1185561,0.09548952,0.01191359,0.02859952
16,3.209939E-05,0.0007368293,0.0002208484,0.0005826352,1.935628E-05,0.0004348245,5.54673E-05,0.004643586,7.388503E-06,0.01977928,0.0008907619,0.006537828,0.003200434,0.001625326,0.001238265,0.007748598,8.395302E-07,2.134598E-05,0.0001328639,4.030045E-05,0.001361282,0.003436821,1.36114E-09,0.00059983,4.917815E-05,0.001617508,0.00228584,2.960145E-08,0.00021914,0.009839042,0.004422402,0.001531585,0.0004691676,0.0009245977,0.035141,0.0009609599,0.0005896401,0.001507042,0.0002677721,0.04799522,0.003350012,0.003965172,0.000151364,0.00107122,0.1364602,1.682938E-05,0.0001458215,0.0002557889,0.001988396,0.6277073,0.4602686,0.08661187,0.02026329,1.121415E-07,0.00422633,0.0002490609,0.001139277,0.2551277,0.09117628,0.08570927,0.1105161,0.01144832,0.02930691
17,4.088943E-05,0.0007884791,0.0002402793,0.0005865603,2.459594E-05,0.0004384979,5.528598E-05,0.004664486,7.487988E-06,0.01989742,0.0008902771,0.006570696,0.003165406,0.002242128,0.001621193,0.005963592,7.027946E-07,1.68094E-05,0.0001347416,3.523097E-05,0.0009570397,0.002845174,1.358965E-09,0.000379613,1.247933E-05,0.001621052,0.00210276,3.104909E-08,0.0001663352,0.01018414,0.003211444,0.001338129,0.0004378753,0.0008046811,0.03292749,0.0009092439,0.0005768578,0.001466808,0.0002549175,0.04818451,0.003317742,0.003844858,7.149408E-05,0.0006893181,0.1385328,1.682377E-05,0.0001393747,0.0002433176,0.001872253,0.4274337,0.4371556,0.08558013,0.02142949,9.56249E-08,0.00389978,0.0002615395,0.001144208,0.1887382,0.08403552,0.08209438,0.1009403,0.01154738,0.0293614
18,3.43853E-05,0.000839387,0.0001838583,0.0005907228,1.900805E-05,0.0004701662,5.50188E-05,0.004693664,7.560665E-06,0.01998158,0.0008908305,0.00661185,0.003126113,0.001903925,0.00191106,0.006277402,7.838128E-07,1.564237E-05,0.0001361513,4.142536E-05,0.0009646048,0.003432919,1.328937E-09,0.0005032643,4.756742E-05,0.001621918,0.002249168,2.877827E-08,0.0003132915,0.01148761,0.004381573,0.0011089,0.0004556869,0.0007222929,0.03073874,0.0008873898,0.0005740607,0.001465698,0.0002520712,0.05142677,0.003350985,0.003869028,0.0001135773,0.0006950716,0.1380392,1.667927E-05,0.0001402198,0.000241227,0.001828743,0.4028597,0.5711953,0.09078325,0.02376405,1.069977E-07,0.004310757,0.0002762896,0.001139739,0.2319002,0.08694282,0.1177736,0.07989438,0.01195943,0.02907483
19,4.075913E-05,0.0008708243,0.0001826434,0.0005951253,2.005889E-05,0.0005445944,5.504406E-05,0.004733233,7.664433E-06,0.02006009,0.0008833252,0.006600664,0.003184582,0.001696785,0.001311923,0.005420092,7.634852E-07,1.413924E-05,0.0001376681,3.935321E-05,0.001155022,0.002810494,1.30451E-09,0.0004674098,5.403656E-05,0.001622634,0.002228849,2.482413E-08,0.0001565646,0.009801044,0.003309768,0.001257502,0.0004377101,0.0006544935,0.02885804,0.0009488945,0.0005670364,0.001423438,0.0002402758,0.05466576,0.00334394,0.003906399,0.0001002686,0.0007011495,0.1358334,1.694495E-05,0.0001383178,0.0002394637,0.001980813,0.3481047,0.4089757,0.08414391,0.01897175,9.697735E-08,0.00414136,0.0002469879,0.001145867,0.1706573,0.09484317,0.1120961,0.08505069,0.01185346,0.02862715
20,1.96069E-05,0.0008697259,0.0001841561,0.0005995776,1.627629E-05,0.0005333691,5.494684E-05,0.004750242,7.802134E-06,0.02012373,0.0008854636,0.006610456,0.003150523,0.001734245,0.001809523,0.005205311,8.021195E-07,1.595518E-05,0.0001384557,4.694531E-05,0.0008477319,0.004342471,1.296059E-09,0.0006410926,3.341134E-05,0.00162646,0.002543713,3.177797E-08,0.0001728974,0.009636516,0.004593652,0.00128608,0.0004991499,0.0005798088,0.02690435,0.0009035747,0.0005490628,0.001480582,0.0002424564,0.0581571,0.00327341,0.003801166,0.0001236014,0.000679479,0.129792,1.669376E-05,0.0001420083,0.0002250205,0.001907523,0.4719504,0.6392705,0.112136,0.02888661,1.081286E-07,0.004396647,0.0002394892,0.001153343,0.2396905,0.08825704,0.09624355,0.09314638,0.01117698,0.02807517
21,3.77449E-05,0.0007974519,0.0001005754,0.0006016503,1.375954E-05,0.000475539,5.439726E-05,0.004746342,7.930209E-06,0.0201137,0.0008909861,0.006621018,0.003203801,0.001963896,0.0017096,0.005858738,8.965117E-07,1.532672E-05,0.0001386225,4.684722E-05,0.0009828501,0.004016418,1.288953E-09,0.0006837351,0.0001232897,0.00162874,0.002626869,3.209648E-08,7.970608E-05,0.01013656,0.003173172,0.001018966,0.0005286862,0.000511223,0.02474165,0.000823562,0.000540419,0.001515802,0.0002496042,0.06018502,0.003247613,0.003697615,0.0001469079,0.0005477135,0.1277596,1.701389E-05,0.0001431879,0.0002258514,0.002111873,0.3357106,0.4906285,0.08840848,0.02089019,1.246899E-07,0.004686039,0.0002412788,0.0011532,0.2292498,0.09397864,0.0958513,0.08492325,0.01135198,0.02801617
22,2.211132E-05,0.0006687368,0.0001401674,0.0006049311,1.422041E-05,0.0004169566,5.414569E-05,0.004734594,8.094424E-06,0.02016181,0.0008997174,0.006662883,0.003074361,0.00182432,0.001835597,0.005264123,7.631085E-07,1.832773E-05,0.0001389478,4.321515E-05,0.0009973279,0.003317898,1.284527E-09,0.000472906,9.97778E-05,0.001629307,0.002599157,2.849161E-08,0.000107263,0.01055726,0.004594897,0.000905271,0.0005174927,0.0004516549,0.02311122,0.0008517085,0.0005430612,0.001510219,0.0002582887,0.06003034,0.003266176,0.003463875,0.0001388666,0.0006331145,0.1282891,1.714425E-05,0.0001416098,0.0002438531,0.001945798,0.3153775,0.4679843,0.08880617,0.02071638,1.089072E-07,0.004320387,0.0002639329,0.001148892,0.2336814,0.08900102,0.07637339,0.06435985,0.01174081,0.02839151
23,2.238946E-05,0.0005271658,0.0001326746,0.0006083028,1.612454E-05,0.0004019182,5.420102E-05,0.004725433,8.196682E-06,0.02024419,0.0009100478,0.006728041,0.00299082,0.002198714,0.001501442,0.003806765,8.527542E-07,1.478949E-05,0.0001391464,4.40325E-05,0.0008895111,0.003361795,1.275103E-09,0.0004694757,8.057427E-05,0.001627776,0.002715778,2.499526E-08,0.0001387952,0.01129289,0.004263946,0.001255489,0.0005414167,0.0004157296,0.02169411,0.0008792319,0.0005474614,0.001522527,0.0002724057,0.06178286,0.00325613,0.003377104,0.0001473061,0.0008047454,0.126301,1.700783E-05,0.0001438545,0.0002612627,0.001998241,0.3687035,0.55229,0.1150002,0.0270316,1.111812E-07,0.004449181,0.0002720746,0.001148375,0.2458791,0.09288422,0.09392046,0.07526077,0.01155366,0.02868066
24,2.306548E-05,0.0004099321,0.0001263903,0.0006120171,1.789058E-05,0.0004311523,5.434555E-05,0.00471072,8.258766E-06,0.02037886,0.0009119781,0.006767185,0.002961647,0.002734253,0.002139887,0.003351724,5.344762E-07,1.516546E-05,0.0001400281,3.780448E-05,0.000781021,0.002588741,1.264318E-09,0.0006688614,0.0001314169,0.001628723,0.002504321,2.946657E-08,9.265871E-05,0.01045301,0.004284636,0.00135276,0.0005023768,0.0003711733,0.02077038,0.0009004718,0.0005488088,0.001494059,0.0002549245,0.05984801,0.003166077,0.003160924,0.0001100858,0.0009156025,0.1238945,1.656271E-05,0.0001315384,0.0002648883,0.001697624,0.3851899,0.4219007,0.1022997,0.02647142,7.48138E-08,0.00350962,0.0002401768,0.001153898,0.1706541,0.08950148,0.06995591,0.07351636,0.01107148,0.02882493
25,2.208661E-05,0.0003243188,0.0001186485,0.0006140149,1.642984E-05,0.0003748009,5.439503E-05,0.004717139,8.270616E-06,0.02037247,0.0009036274,0.006765224,0.002919316,0.002514602,0.001832355,0.003069136,5.399713E-07,1.546321E-05,0.0001412831,3.908002E-05,0.0009316641,0.003541608,1.259479E-09,0.0005280333,9.286118E-05,0.001630147,0.002424053,2.804261E-08,0.0001086024,0.01192266,0.003978033,0.001117599,0.0004844393,0.0003508712,0.01992848,0.0008842193,0.0005422379,0.001476702,0.0002368261,0.05894335,0.003210835,0.003156814,0.0001302764,0.001057602,0.1262955,1.653293E-05,0.0001241135,0.0002474428,0.001379031,0.3270757,0.5037273,0.08886107,0.02913274,8.219116E-08,0.003548713,0.0002634332,0.001152222,0.2010759,0.07959951,0.05004026,0.06965499,0.01142869,0.02799186
26,2.026561E-05,0.0002702597,0.0001168961,0.0006157285,1.510939E-05,0.0002621002,5.469728E-05,0.004764088,8.381913E-06,0.02039124,0.0008944456,0.006726013,0.0028963,0.002215625,0.001485782,0.002704317,6.28563E-07,1.175014E-05,0.0001426529,4.363841E-05,0.0006930484,0.002784139,1.249471E-09,0.0004389947,0.000117645,0.00163146,0.002431451,2.788484E-08,8.370532E-05,0.009777951,0.003818516,0.0009851226,0.0004846989,0.0003314019,0.01876236,0.0009035468,0.0005436092,0.001472649,0.0002368071,0.06053603,0.003196125,0.003202501,0.0001587701,0.0008036236,0.1291694,1.672438E-05,0.0001231126,0.0002432446,0.00177887,0.2182448,0.3835995,0.0866591,0.02074342,9.010021E-08,0.003885371,0.0002469234,0.001145522,0.1777505,0.07420409,0.05399837,0.05593508,0.01124805,0.02585171
27,2.126095E-05,0.0002370595,0.0001537227,0.0006169051,1.392863E-05,0.000273094,5.526258E-05,0.004815215,8.586775E-06,0.02025412,0.0008910037,0.006693674,0.002916396,0.001866837,0.001718326,0.002912008,7.308759E-07,1.390247E-05,0.0001436485,4.443519E-05,0.000819315,0.00365512,1.233025E-09,0.0004122724,0.0001130037,0.001632429,0.002450426,3.069584E-08,9.271746E-05,0.01014491,0.00374464,0.00141064,0.0004900779,0.0003120329,0.01751567,0.000878951,0.0005423374,0.001445984,0.0002380766,0.06246366,0.003200651,0.003297284,9.22181E-05,0.0006179138,0.1337277,1.694723E-05,0.0001211638,0.0002402371,0.001894169,0.2733558,0.3891136,0.08311368,0.02403889,8.911326E-08,0.003980643,0.0002315111,0.001146008,0.163662,0.0855611,0.07909828,0.07898872,0.01129566,0.02334397
28,1.611225E-05,0.0002227799,0.0001070104,0.000618668,1.535833E-05,0.0002835376,5.583145E-05,0.004813262,8.730874E-06,0.02018128,0.0008867563,0.006636689,0.003022172,0.001638778,0.002004747,0.00242352,5.854093E-07,1.083951E-05,0.0001438119,4.338469E-05,0.0007724822,0.002897774,1.227633E-09,0.0004806041,0.0001227966,0.001630745,0.002490896,3.016436E-08,7.822127E-05,0.01012827,0.004207893,0.001628425,0.0004945104,0.0002942888,0.01636206,0.0008890284,0.0005485517,0.001433269,0.0002412456,0.06387172,0.003194068,0.003308616,0.000103603,0.0007171535,0.1374957,1.676957E-05,0.0001215828,0.0002493105,0.002280555,0.2649487,0.4106656,0.06309759,0.0204465,8.304226E-08,0.00369783,0.0002399876,0.001145606,0.1100326,0.06097047,0.1006016,0.08808913,0.01150394,0.02312051
29,1.034736E-05,0.0002245337,7.176834E-05,0.0006201903,1.349793E-05,0.0002381229,5.620389E-05,0.004790389,8.940963E-06,0.02017473,0.0008872895,0.006588131,0.003145662,0.002033687,0.001550194,0.002647483,6.677937E-07,1.241786E-05,0.0001432385,4.657112E-05,0.0008941528,0.003583431,1.221827E-09,0.0004389447,8.269189E-05,0.001628816,0.002608098,3.302488E-08,5.499506E-05,0.006145189,0.004018231,0.001521576,0.0005250564,0.0002790284,0.01535322,0.0008620294,0.0005445381,0.001445401,0.0002502586,0.06638396,0.003185525,0.003281626,0.0001213803,0.000628461,0.1362495,1.699384E-05,0.0001236895,0.000236437,0.002111802,0.1673486,0.3068822,0.06164129,0.01223162,1.006558E-07,0.004016542,0.0002516734,0.001149648,0.1355543,0.06697872,0.09783429,0.07473021,0.01151254,0.02331804
30,1.239815E-05,0.0002399512,9.034735E-05,0.0006198684,1.649736E-05,0.0003433092,5.633883E-05,0.004766823,9.030035E-06,0.02019344,0.0008944438,0.00658994,0.003238712,0.002260757,0.001277517,0.002483423,7.834041E-07,1.166065E-05,0.0001421326,4.925083E-05,0.0004724136,0.002603882,1.208918E-09,0.0004398819,4.348427E-05,0.001624651,0.002546951,2.906735E-08,4.932594E-05,0.007133239,0.005009956,0.0008823828,0.000531665,0.0002708811,0.01474672,0.0009457096,0.0005447054,0.001453646,0.0002648059,0.06848511,0.003253158,0.003332466,0.0001537072,0.0004685535,0.133886,1.738849E-05,0.0001271177,0.0002442375,0.002027708,0.2123426,0.3779816,0.09279414,0.02024865,1.148442E-07,0.004240865,0.0002410175,0.001149496,0.1018203,0.06796148,0.1607013,0.09147228,0.01185428,0.02434511
31,1.8538E-05,0.000263946,0.0001068854,0.0006201562,1.833287E-05,0.0003102119,5.635072E-05,0.004779835,9.031007E-06,0.02039283,0.0008754076,0.006521829,0.002781465,0.002071622,0.001529825,0.001864344,4.198658E-07,1.046334E-05,0.0001417599,3.751119E-05,0.000406769,0.002034155,1.200589E-09,0.0004383319,2.280971E-05,0.001624451,0.002415942,3.811064E-08,2.202966E-05,0.005142997,0.003092114,0.0007916727,0.0004811345,0.0002406804,0.01426583,0.0009036911,0.0005280892,0.001395033,0.0002263849,0.0634904,0.003202452,0.003042202,0.0001173492,0.0004156043,0.1369455,1.740981E-05,0.0001088967,0.0002388106,0.001613356,0.3067104,0.3622607,0.09837363,0.02685712,6.546045E-08,0.002905424,0.0002135772,0.001162661,0.09820678,0.04760338,0.1186333,0.07160176,0.011779,0.02491521
32,1.198618E-05,0.0002967973,8.179722E-05,0.0006205401,1.531723E-05,0.0002898085,5.636273E-05,0.004814443,9.128537E-06,0.0203624,0.0008612056,0.006424578,0.002672306,0.001684454,0.001765063,0.002223462,4.292025E-07,7.555594E-06,0.0001417448,3.676171E-05,0.000226995,0.003069916,1.194659E-09,0.0004252933,2.419374E-05,0.001626281,0.002453984,3.564915E-08,2.212916E-05,0.008318711,0.004912046,0.0005993642,0.0004690041,0.0002331027,0.01373615,0.0007990685,0.0005186615,0.001348261,0.0002012994,0.05998127,0.003244216,0.002884781,0.0001261432,0.0007004496,0.1424381,1.752279E-05,0.0001012646,0.0002343652,0.0005264474,0.2096881,0.4383593,0.08623195,0.02850861,7.92486E-08,0.00315736,0.0001997003,0.001157587,0.09427095,0.0676287,0.0852131,0.09084009,0.01215026,0.02497284
33,1.891376E-05,0.0003375847,9.936628E-05,0.0006200467,1.948129E-05,0.0002958354,5.617375E-05,0.00482196,9.384414E-06,0.02027872,0.000867266,0.006381763,0.002606316,0.001821596,0.00156548,0.003143149,7.785567E-07,7.282897E-06,0.0001409157,5.369926E-05,0.0003416504,0.003922918,1.180691E-09,0.0004218609,1.583923E-05,0.001625339,0.002691774,2.734133E-08,1.92471E-05,0.009381304,0.003729129,0.001023669,0.000529753,0.0002346692,0.0128696,0.0007674452,0.0005124683,0.00138414,0.0002119776,0.06414694,0.003286383,0.003022603,0.0001325226,0.0003954173,0.1471954,1.82334E-05,0.0001147363,0.0002224369,0.0009663964,0.07285476,0.4637392,0.1049393,0.02568403,1.154986E-07,0.004544313,0.0002245704,0.001153828,0.1294527,0.06497128,0.188641,0.08412892,0.01193221,0.02548357
34,2.069719E-05,0.0003759091,9.915117E-05,0.0006202767,1.717203E-05,0.0002998765,5.588581E-05,0.004767382,9.595891E-06,0.02038091,0.000887495,0.00644191,0.002559159,0.0021064,0.001815297,0.002464897,8.477362E-07,7.721306E-06,0.0001396979,5.422813E-05,0.0004160921,0.003730944,1.172968E-09,0.0004166481,5.365916E-05,0.001626016,0.002718396,2.661096E-08,1.98172E-05,0.01190049,0.003809274,0.001176076,0.0005422209,0.0002295964,0.01170098,0.0007981078,0.0005047297,0.001366619,0.0002160098,0.06816135,0.003315631,0.003134985,0.0001312653,0.0007271262,0.1436453,1.930089E-05,0.0001277597,0.0002282647,0.002818155,0.1325815,0.2290118,0.09284046,0.02388472,1.155156E-07,0.005013917,0.0002585023,0.001154298,0.1389763,0.0654956,0.1159801,0.07649186,0.01181177,0.02602625
35,1.115111E-05,0.0004025471,9.388744E-05,0.0006214979,1.45192E-05,0.0003087661,5.530684E-05,0.004735445,9.621107E-06,0.02052135,0.000892923,0.006535869,0.002537119,0.001982773,0.001831606,0.002315547,5.87971E-07,7.465065E-06,0.0001392654,3.878316E-05,0.000312985,0.003108419,1.171024E-09,0.0004093808,3.129214E-05,0.00162586,0.002697587,2.879039E-08,1.947643E-05,0.007323733,0.003879378,0.0008723247,0.0005255757,0.000217968,0.01065348,0.0007884143,0.0005172477,0.001310707,0.0002129492,0.06754675,0.003335152,0.003098678,0.0001408371,0.0005741991,0.1363135,1.990261E-05,0.0001242983,0.000261475,0.001223621,0.1567469,0.2915967,0.03132221,0.02015861,8.224652E-08,0.004017481,0.0002541163,0.001153751,0.1197362,0.07074768,0.1394041,0.0803366,0.01210106,0.02630835
36,1.152662E-05,0.0003874664,0.0001050532,0.0006297336,1.69115E-05,0.0003138667,5.529495E-05,0.004751804,9.629611E-06,0.02056683,0.0008811497,0.006526882,0.002382451,0.002175407,0.001731654,0.002218717,4.955069E-07,8.77078E-06,0.0001396613,3.534887E-05,0.0003367006,0.003197184,1.166502E-09,0.0004048236,3.281975E-05,0.001619391,0.002600666,2.737678E-08,2.539833E-05,0.01013645,0.003995612,0.0009826147,0.0005277867,0.00023015,0.01024134,0.0008010285,0.0005297495,0.001340064,0.0002245835,0.06656738,0.003340974,0.003189702,0.0001456916,0.0005484305,0.1181792,1.971697E-05,0.000123879,0.0002807656,0.001530222,0.1488915,0.3687952,0.05586313,0.01029101,8.510946E-08,0.003893496,0.0002023908,0.001156508,0.1173125,0.06439795,0.1370276,0.08541572,0.011499,0.02697759
37,6.787608E-06,0.0003966939,0.0001073485,0.0006310668,1.692066E-05,0.000309396,5.482003E-05,0.004759716,9.70254E-06,0.0205426,0.0008689542,0.006480587,0.002342692,0.002079424,0.001778138,0.00239311,4.869234E-07,9.665645E-06,0.0001403389,4.028799E-05,0.0005140422,0.003265755,1.155618E-09,0.0004007117,3.566377E-05,0.001618898,0.002786422,2.841975E-08,3.241248E-05,0.01044666,0.003878634,0.001022827,0.0005558723,0.0002654725,0.0109195,0.0008061997,0.0005181174,0.001446637,0.0002348437,0.06557646,0.00349881,0.003395914,0.000145602,0.0006002113,0.1038836,1.874075E-05,0.0001246754,0.0002577676,0.001469587,0.18997,0.343926,0.1345435,0.01892961,9.322559E-08,0.004303191,0.0002288347,0.001172165,0.1381152,0.06661437,0.1067589,0.08942578,0.01118242,0.02695024
